{
  "NY": 1774722605.375986,
  "NJ": 1774722605.3769264,
  "OH": 1774722605.4243505,
  "PA": 1774722605.709463,
  "IL": 1774722605.9232857,
  "MI": 1774722606.0463238,
  "DC": 1774883737.0344152,
  "DE": 1774883737.0989907,
  "ME": 1774883737.0411656,
  "MS": 1774883737.3939188,
  "NH": 1774883742.085941,
  "AR": 1774883737.0655584,
  "NE": 1774883737.2886183,
  "SD": 1774883739.4988778,
  "NV": 1774883737.397225,
  "RI": 1774883737.7214303,
  "VT": 1774883737.9594965,
  "OR": 1774883738.1698713,
  "MT": 1774883737.7417278,
  "WY": 1774883738.1082733,
  "WV": 1774883738.3126013,
  "CO": 1774883449.9802744,
  "AZ": 1774883449.9996867,
  "KS": 1774883450.0744143,
  "IN": 1774883450.1836596,
  "IA": 1774883450.3008296,
  "LA": 1774883450.289032,
  "MA": 1774883450.4535637,
  "MD": 1774883450.5278327,
  "NC": 1774883451.9193716,
  "CT": 1774883450.5018036,
  "MO": 1774883450.6870296,
  "TN": 1774883450.9555495,
  "KY": 1774883450.6356702,
  "VA": 1774883451.11929
}