{
  "NY": 1774722605.375986,
  "NJ": 1774722605.3769264,
  "OH": 1774722605.4243505,
  "PA": 1774722605.709463,
  "IL": 1774722605.9232857,
  "MI": 1774722606.0463238,
  "DC": 1774735333.8473918,
  "DE": 1774735333.8560748,
  "ME": 1774735333.8580868,
  "MS": 1774735334.089139,
  "NH": 1774735334.1277385,
  "AR": 1774735334.0619786,
  "NE": 1774735334.1469963,
  "SD": 1774735334.2538714,
  "NV": 1774735334.4368446,
  "RI": 1774735334.4388072,
  "VT": 1774735334.4961267,
  "OR": 1774735335.2063196,
  "MT": 1774735334.737472,
  "WY": 1774735334.6075487,
  "WV": 1774735335.1027944,
  "CO": 1774723462.2226152,
  "AZ": 1774723462.248635,
  "KS": 1774723462.3206308,
  "IN": 1774723462.4230187,
  "IA": 1774723462.499809,
  "LA": 1774723462.5411298,
  "MA": 1774723462.572928,
  "MD": 1774723462.68714,
  "NC": 1774723462.7905405,
  "CT": 1774723462.8998787,
  "MO": 1774723462.9047887,
  "TN": 1774723462.9998863,
  "KY": 1774723463.0654585,
  "VA": 1774723463.4081392
}