{
  "NY": 1774987265.1617026,
  "NJ": 1774987250.1532967,
  "OH": 1774987250.2821908,
  "PA": 1774987250.2746544,
  "IL": 1774987250.1680422,
  "MI": 1774987250.1827962,
  "DC": 1774986355.9588513,
  "DE": 1774986356.2088761,
  "ME": 1774986355.9901218,
  "MS": 1774986356.2971725,
  "NH": 1774986358.1039314,
  "AR": 1774986356.289042,
  "NE": 1774986356.4435394,
  "SD": 1774986356.9245682,
  "NV": 1774986357.1053185,
  "RI": 1774986357.191914,
  "VT": 1774986357.1037922,
  "OR": 1774986356.546774,
  "MT": 1774986356.8610005,
  "WY": 1774986357.1829226,
  "WV": 1774915259.6100612,
  "CO": 1775148050.4199283,
  "AZ": 1775148050.5265946,
  "KS": 1775148050.7508707,
  "IN": 1775148050.4618487,
  "IA": 1775148050.6915095,
  "LA": 1775148050.703272,
  "MA": 1775148051.0671167,
  "MD": 1775148050.9383225,
  "NC": 1775148051.2298412,
  "CT": 1775148050.9934034,
  "MO": 1775148051.050009,
  "TN": 1775148051.2548962,
  "KY": 1775148051.000861,
  "VA": 1775148051.4735699
}