{
  "NY": 1774722605.375986,
  "NJ": 1774722605.3769264,
  "OH": 1774722605.4243505,
  "PA": 1774722605.709463,
  "IL": 1774722605.9232857,
  "MI": 1774722606.0463238,
  "DC": 1774789241.7190235,
  "DE": 1774789241.8380768,
  "ME": 1774789241.8662765,
  "MS": 1774789242.0836322,
  "NH": 1774789242.1249936,
  "AR": 1774789242.0329478,
  "NE": 1774789242.1946511,
  "SD": 1774789242.2792294,
  "NV": 1774789242.277445,
  "RI": 1774789242.3767834,
  "VT": 1774789242.4134157,
  "OR": 1774789242.5821579,
  "MT": 1774789242.3389692,
  "WY": 1774789242.528651,
  "WV": 1774789243.3495488,
  "CO": 1774723462.2226152,
  "AZ": 1774723462.248635,
  "KS": 1774723462.3206308,
  "IN": 1774723462.4230187,
  "IA": 1774723462.499809,
  "LA": 1774723462.5411298,
  "MA": 1774723462.572928,
  "MD": 1774723462.68714,
  "NC": 1774723462.7905405,
  "CT": 1774723462.8998787,
  "MO": 1774723462.9047887,
  "TN": 1774723462.9998863,
  "KY": 1774723463.0654585,
  "VA": 1774723463.4081392
}