{
  "NY": 1774722605.375986,
  "NJ": 1774722605.3769264,
  "OH": 1774722605.4243505,
  "PA": 1774722605.709463,
  "IL": 1774722605.9232857,
  "MI": 1774722606.0463238,
  "DC": 1774851481.8655243,
  "DE": 1774851481.9903047,
  "ME": 1774851481.9732444,
  "MS": 1774851482.2175145,
  "NH": 1774851482.674602,
  "AR": 1774851482.0292854,
  "NE": 1774851482.165086,
  "SD": 1774851482.6193223,
  "NV": 1774851482.543091,
  "RI": 1774851482.4619987,
  "VT": 1774851482.780846,
  "OR": 1774851483.0556035,
  "MT": 1774851483.4520793,
  "WY": 1774851482.8322377,
  "WV": 1774851485.9408698,
  "CO": 1774827136.2904937,
  "AZ": 1774827136.2810967,
  "KS": 1774827136.371735,
  "IN": 1774827136.3184116,
  "IA": 1774827136.4082854,
  "LA": 1774827136.7278657,
  "MA": 1774827136.6842024,
  "MD": 1774827136.6210358,
  "NC": 1774827137.9403298,
  "CT": 1774827136.538396,
  "MO": 1774827136.778724,
  "TN": 1774827136.883131,
  "KY": 1774827136.6768405,
  "VA": 1774827136.9152548
}