{
  "NY": 1774722605.375986,
  "NJ": 1774722605.3769264,
  "OH": 1774722605.4243505,
  "PA": 1774722605.709463,
  "IL": 1774722605.9232857,
  "MI": 1774722606.0463238,
  "DC": 1774864843.5111532,
  "DE": 1774864843.5433562,
  "ME": 1774864843.6095912,
  "MS": 1774864843.760591,
  "NH": 1774864843.9239254,
  "AR": 1774864843.8063579,
  "NE": 1774864843.9072144,
  "SD": 1774864851.9005117,
  "NV": 1774864844.0631073,
  "RI": 1774864844.0103555,
  "VT": 1774864844.154491,
  "OR": 1774864844.2602382,
  "MT": 1774864844.13308,
  "WY": 1774864844.3615847,
  "WV": 1774864845.3227785,
  "CO": 1774827136.2904937,
  "AZ": 1774827136.2810967,
  "KS": 1774827136.371735,
  "IN": 1774827136.3184116,
  "IA": 1774827136.4082854,
  "LA": 1774827136.7278657,
  "MA": 1774827136.6842024,
  "MD": 1774827136.6210358,
  "NC": 1774827137.9403298,
  "CT": 1774827136.538396,
  "MO": 1774827136.778724,
  "TN": 1774827136.883131,
  "KY": 1774827136.6768405,
  "VA": 1774827136.9152548
}