{
  "NY": 1774722605.375986,
  "NJ": 1774722605.3769264,
  "OH": 1774722605.4243505,
  "PA": 1774722605.709463,
  "IL": 1774722605.9232857,
  "MI": 1774722606.0463238,
  "DC": 1774821692.7908037,
  "DE": 1774821692.834282,
  "ME": 1774821692.9303021,
  "MS": 1774821693.2005885,
  "NH": 1774821693.2800183,
  "AR": 1774821692.827147,
  "NE": 1774821693.0959961,
  "SD": 1774821693.4610977,
  "NV": 1774821693.3913827,
  "RI": 1774821693.5856445,
  "VT": 1774821693.6278822,
  "OR": 1774821693.8731146,
  "MT": 1774821693.3875725,
  "WY": 1774821693.6945832,
  "WV": 1774821695.3192525,
  "CO": 1774723462.2226152,
  "AZ": 1774723462.248635,
  "KS": 1774723462.3206308,
  "IN": 1774723462.4230187,
  "IA": 1774723462.499809,
  "LA": 1774723462.5411298,
  "MA": 1774723462.572928,
  "MD": 1774723462.68714,
  "NC": 1774723462.7905405,
  "CT": 1774723462.8998787,
  "MO": 1774723462.9047887,
  "TN": 1774723462.9998863,
  "KY": 1774723463.0654585,
  "VA": 1774723463.4081392
}