{
  "NY": 1774722605.375986,
  "NJ": 1774722605.3769264,
  "OH": 1774722605.4243505,
  "PA": 1774722605.709463,
  "IL": 1774722605.9232857,
  "MI": 1774722606.0463238,
  "DC": 1774778439.3121502,
  "DE": 1774778439.469751,
  "ME": 1774778439.361471,
  "MS": 1774778439.6634743,
  "NH": 1774778439.6294413,
  "AR": 1774778439.579669,
  "NE": 1774778439.7244413,
  "SD": 1774778439.8227143,
  "NV": 1774778439.9084933,
  "RI": 1774778439.9423192,
  "VT": 1774778440.0397255,
  "OR": 1774778440.3602037,
  "MT": 1774778440.065227,
  "WY": 1774778440.1125207,
  "WV": 1774778440.6538365,
  "CO": 1774723462.2226152,
  "AZ": 1774723462.248635,
  "KS": 1774723462.3206308,
  "IN": 1774723462.4230187,
  "IA": 1774723462.499809,
  "LA": 1774723462.5411298,
  "MA": 1774723462.572928,
  "MD": 1774723462.68714,
  "NC": 1774723462.7905405,
  "CT": 1774723462.8998787,
  "MO": 1774723462.9047887,
  "TN": 1774723462.9998863,
  "KY": 1774723463.0654585,
  "VA": 1774723463.4081392
}