{
  "NY": 1774722605.375986,
  "NJ": 1774722605.3769264,
  "OH": 1774722605.4243505,
  "PA": 1774722605.709463,
  "IL": 1774722605.9232857,
  "MI": 1774722606.0463238,
  "DC": 1774746039.3538182,
  "DE": 1774746039.4375582,
  "ME": 1774746039.5025783,
  "MS": 1774746039.7368124,
  "NH": 1774746039.8669713,
  "AR": 1774746039.698073,
  "NE": 1774746039.906495,
  "SD": 1774746039.997926,
  "NV": 1774746040.0308,
  "RI": 1774746040.1687875,
  "VT": 1774746040.0248177,
  "OR": 1774746040.1880987,
  "MT": 1774746039.9176166,
  "WY": 1774746040.1663692,
  "WV": 1774746041.7515109,
  "CO": 1774723462.2226152,
  "AZ": 1774723462.248635,
  "KS": 1774723462.3206308,
  "IN": 1774723462.4230187,
  "IA": 1774723462.499809,
  "LA": 1774723462.5411298,
  "MA": 1774723462.572928,
  "MD": 1774723462.68714,
  "NC": 1774723462.7905405,
  "CT": 1774723462.8998787,
  "MO": 1774723462.9047887,
  "TN": 1774723462.9998863,
  "KY": 1774723463.0654585,
  "VA": 1774723463.4081392
}