{
  "NY": 1774722605.375986,
  "NJ": 1774722605.3769264,
  "OH": 1774722605.4243505,
  "PA": 1774722605.709463,
  "IL": 1774722605.9232857,
  "MI": 1774722606.0463238,
  "DC": 1774843239.748898,
  "DE": 1774843239.752649,
  "ME": 1774843239.7827244,
  "MS": 1774843240.0321758,
  "NH": 1774843240.0396526,
  "AR": 1774843239.97525,
  "NE": 1774843240.2588062,
  "SD": 1774843240.19545,
  "NV": 1774843240.322529,
  "RI": 1774843240.1026537,
  "VT": 1774843240.299006,
  "OR": 1774843240.4938421,
  "MT": 1774843240.5082672,
  "WY": 1774843240.475533,
  "WV": 1774843241.8237174,
  "CO": 1774827136.2904937,
  "AZ": 1774827136.2810967,
  "KS": 1774827136.371735,
  "IN": 1774827136.3184116,
  "IA": 1774827136.4082854,
  "LA": 1774827136.7278657,
  "MA": 1774827136.6842024,
  "MD": 1774827136.6210358,
  "NC": 1774827137.9403298,
  "CT": 1774827136.538396,
  "MO": 1774827136.778724,
  "TN": 1774827136.883131,
  "KY": 1774827136.6768405,
  "VA": 1774827136.9152548
}