{
  "NY": 1774722605.375986,
  "NJ": 1774722605.3769264,
  "OH": 1774722605.4243505,
  "PA": 1774722605.709463,
  "IL": 1774722605.9232857,
  "MI": 1774722606.0463238,
  "DC": 1774723066.8442867,
  "DE": 1774723066.9257812,
  "ME": 1774723066.9395382,
  "MS": 1774723067.0617557,
  "NH": 1774723067.1279562,
  "AR": 1774723067.1860309,
  "NE": 1774723067.25355,
  "SD": 1774723067.3327324,
  "NV": 1774723067.33976,
  "RI": 1774723067.4448915,
  "VT": 1774723067.4458854,
  "OR": 1774723067.5219388,
  "MT": 1774723067.587759,
  "WY": 1774723067.6142626,
  "WV": 1774723069.4209523
}