{
  "NY": 1774722605.375986,
  "NJ": 1774722605.3769264,
  "OH": 1774722605.4243505,
  "PA": 1774722605.709463,
  "IL": 1774722605.9232857,
  "MI": 1774722606.0463238,
  "DC": 1774882846.4392521,
  "DE": 1774882846.5254037,
  "ME": 1774882846.813487,
  "MS": 1774882846.6324177,
  "NH": 1774882846.91627,
  "AR": 1774882846.495975,
  "NE": 1774882846.6730938,
  "SD": 1774882847.075011,
  "NV": 1774882846.9364507,
  "RI": 1774882851.1414201,
  "VT": 1774882847.195154,
  "OR": 1774882847.6730335,
  "MT": 1774882847.1771348,
  "WY": 1774882847.3996503,
  "WV": 1774882848.3156986,
  "CO": 1774827136.2904937,
  "AZ": 1774827136.2810967,
  "KS": 1774827136.371735,
  "IN": 1774827136.3184116,
  "IA": 1774827136.4082854,
  "LA": 1774827136.7278657,
  "MA": 1774827136.6842024,
  "MD": 1774827136.6210358,
  "NC": 1774827137.9403298,
  "CT": 1774827136.538396,
  "MO": 1774827136.778724,
  "TN": 1774827136.883131,
  "KY": 1774827136.6768405,
  "VA": 1774827136.9152548
}