{
  "NY": 1774722605.375986,
  "NJ": 1774722605.3769264,
  "OH": 1774722605.4243505,
  "PA": 1774722605.709463,
  "IL": 1774722605.9232857,
  "MI": 1774722606.0463238,
  "DC": 1774870667.9595785,
  "DE": 1774870668.2186224,
  "ME": 1774870667.9201097,
  "MS": 1774870668.2492018,
  "NH": 1774870668.8664012,
  "AR": 1774870668.1124032,
  "NE": 1774870668.3024654,
  "SD": 1774870669.2787116,
  "NV": 1774870668.531337,
  "RI": 1774870669.0053542,
  "VT": 1774870668.774362,
  "OR": 1774870668.5025737,
  "MT": 1774870668.5261593,
  "WY": 1774870669.0141933,
  "WV": 1774870669.5397043,
  "CO": 1774827136.2904937,
  "AZ": 1774827136.2810967,
  "KS": 1774827136.371735,
  "IN": 1774827136.3184116,
  "IA": 1774827136.4082854,
  "LA": 1774827136.7278657,
  "MA": 1774827136.6842024,
  "MD": 1774827136.6210358,
  "NC": 1774827137.9403298,
  "CT": 1774827136.538396,
  "MO": 1774827136.778724,
  "TN": 1774827136.883131,
  "KY": 1774827136.6768405,
  "VA": 1774827136.9152548
}