{
  "NY": 1774722605.375986,
  "NJ": 1774722605.3769264,
  "OH": 1774722605.4243505,
  "PA": 1774722605.709463,
  "IL": 1774722605.9232857,
  "MI": 1774722606.0463238
}