{
  "NY": 1774722605.375986,
  "NJ": 1774722605.3769264,
  "OH": 1774722605.4243505,
  "PA": 1774722605.709463,
  "IL": 1774722605.9232857,
  "MI": 1774722606.0463238,
  "DC": 1774763672.7496986,
  "DE": 1774763673.0530086,
  "ME": 1774763672.7337747,
  "MS": 1774763673.0846806,
  "NH": 1774763673.7100494,
  "AR": 1774763673.0719025,
  "NE": 1774763673.1582305,
  "SD": 1774763673.648457,
  "NV": 1774763673.2122288,
  "RI": 1774763673.7587428,
  "VT": 1774763673.735664,
  "OR": 1774763673.823602,
  "MT": 1774763673.6100993,
  "WY": 1774763673.9664607,
  "WV": 1774763676.6599178,
  "CO": 1774723462.2226152,
  "AZ": 1774723462.248635,
  "KS": 1774723462.3206308,
  "IN": 1774723462.4230187,
  "IA": 1774723462.499809,
  "LA": 1774723462.5411298,
  "MA": 1774723462.572928,
  "MD": 1774723462.68714,
  "NC": 1774723462.7905405,
  "CT": 1774723462.8998787,
  "MO": 1774723462.9047887,
  "TN": 1774723462.9998863,
  "KY": 1774723463.0654585,
  "VA": 1774723463.4081392
}