{
  "NY": 1774722605.375986,
  "NJ": 1774722605.3769264,
  "OH": 1774722605.4243505,
  "PA": 1774722605.709463,
  "IL": 1774722605.9232857,
  "MI": 1774722606.0463238,
  "DC": 1774803929.257361,
  "DE": 1774803929.3648663,
  "ME": 1774803929.4473093,
  "MS": 1774803929.5143592,
  "NH": 1774803929.6769607,
  "AR": 1774803929.504345,
  "NE": 1774803929.853343,
  "SD": 1774803929.9476728,
  "NV": 1774803930.2319841,
  "RI": 1774803929.8228157,
  "VT": 1774803930.025696,
  "OR": 1774803929.926549,
  "MT": 1774803930.0069144,
  "WY": 1774803930.1252325,
  "WV": 1774803932.1129625,
  "CO": 1774723462.2226152,
  "AZ": 1774723462.248635,
  "KS": 1774723462.3206308,
  "IN": 1774723462.4230187,
  "IA": 1774723462.499809,
  "LA": 1774723462.5411298,
  "MA": 1774723462.572928,
  "MD": 1774723462.68714,
  "NC": 1774723462.7905405,
  "CT": 1774723462.8998787,
  "MO": 1774723462.9047887,
  "TN": 1774723462.9998863,
  "KY": 1774723463.0654585,
  "VA": 1774723463.4081392
}