{
  "NY": 1774722605.375986,
  "NJ": 1774722605.3769264,
  "OH": 1774722605.4243505,
  "PA": 1774722605.709463,
  "IL": 1774722605.9232857,
  "MI": 1774722606.0463238,
  "DC": 1774793068.909486,
  "DE": 1774793069.1414158,
  "ME": 1774793069.1087492,
  "MS": 1774793069.3470745,
  "NH": 1774793069.7893996,
  "AR": 1774793069.2673497,
  "NE": 1774793069.5260787,
  "SD": 1774793070.1677854,
  "NV": 1774793069.7594557,
  "RI": 1774793069.9664612,
  "VT": 1774793070.0716615,
  "OR": 1774793070.2146256,
  "MT": 1774793069.858216,
  "WY": 1774793070.2165568,
  "WV": 1774793071.8803475,
  "CO": 1774723462.2226152,
  "AZ": 1774723462.248635,
  "KS": 1774723462.3206308,
  "IN": 1774723462.4230187,
  "IA": 1774723462.499809,
  "LA": 1774723462.5411298,
  "MA": 1774723462.572928,
  "MD": 1774723462.68714,
  "NC": 1774723462.7905405,
  "CT": 1774723462.8998787,
  "MO": 1774723462.9047887,
  "TN": 1774723462.9998863,
  "KY": 1774723463.0654585,
  "VA": 1774723463.4081392
}