{
  "NY": 1774987265.1617026,
  "NJ": 1774987250.1532967,
  "OH": 1774987250.2821908,
  "PA": 1774987250.2746544,
  "IL": 1774987250.1680422,
  "MI": 1774987250.1827962,
  "DC": 1774986355.9588513,
  "DE": 1774986356.2088761,
  "ME": 1774986355.9901218,
  "MS": 1774986356.2971725,
  "NH": 1774986358.1039314,
  "AR": 1774986356.289042,
  "NE": 1774986356.4435394,
  "SD": 1774986356.9245682,
  "NV": 1774986357.1053185,
  "RI": 1774986357.191914,
  "VT": 1774986357.1037922,
  "OR": 1774986356.546774,
  "MT": 1774986356.8610005,
  "WY": 1774986357.1829226,
  "WV": 1774915259.6100612,
  "CO": 1775010049.328439,
  "AZ": 1775010049.3580933,
  "KS": 1775010049.446344,
  "IN": 1775010049.3418422,
  "IA": 1775010049.5844746,
  "LA": 1775010049.6814888,
  "MA": 1775010049.7363076,
  "MD": 1775010049.8136306,
  "NC": 1775010050.229446,
  "CT": 1775010049.719341,
  "MO": 1775010049.916232,
  "TN": 1775010049.9029975,
  "KY": 1775010064.4209073,
  "VA": 1775010050.1123466
}