{
  "NY": 1774722605.375986,
  "NJ": 1774722605.3769264,
  "OH": 1774722605.4243505,
  "PA": 1774722605.709463,
  "IL": 1774722605.9232857,
  "MI": 1774722606.0463238,
  "DC": 1774767737.8213603,
  "DE": 1774767738.1531057,
  "ME": 1774767738.410061,
  "MS": 1774767738.0952873,
  "NH": 1774767738.943211,
  "AR": 1774767738.100779,
  "NE": 1774767738.4304533,
  "SD": 1774767738.9733322,
  "NV": 1774767738.5903122,
  "RI": 1774767739.0688431,
  "VT": 1774767739.0677443,
  "OR": 1774767738.6566057,
  "MT": 1774767738.611377,
  "WY": 1774767739.2022378,
  "WV": 1774767739.237927,
  "CO": 1774723462.2226152,
  "AZ": 1774723462.248635,
  "KS": 1774723462.3206308,
  "IN": 1774723462.4230187,
  "IA": 1774723462.499809,
  "LA": 1774723462.5411298,
  "MA": 1774723462.572928,
  "MD": 1774723462.68714,
  "NC": 1774723462.7905405,
  "CT": 1774723462.8998787,
  "MO": 1774723462.9047887,
  "TN": 1774723462.9998863,
  "KY": 1774723463.0654585,
  "VA": 1774723463.4081392
}