{
  "NY": 1774987265.1617026,
  "NJ": 1774987250.1532967,
  "OH": 1774987250.2821908,
  "PA": 1774987250.2746544,
  "IL": 1774987250.1680422,
  "MI": 1774987250.1827962,
  "DC": 1775149265.440955,
  "DE": 1775149265.4908843,
  "ME": 1775149265.5556183,
  "MS": 1775149265.7060993,
  "NH": 1775149265.8418565,
  "AR": 1775149265.7351756,
  "NE": 1775149265.741441,
  "SD": 1775149265.9866805,
  "NV": 1775149265.9462354,
  "RI": 1775149265.9486723,
  "VT": 1775149265.991674,
  "OR": 1775149266.1341302,
  "MT": 1774986356.8610005,
  "WY": 1775149266.1505327,
  "WV": 1774915259.6100612,
  "CO": 1775148050.4199283,
  "AZ": 1775148050.5265946,
  "KS": 1775148050.7508707,
  "IN": 1775148050.4618487,
  "IA": 1775148050.6915095,
  "LA": 1775148050.703272,
  "MA": 1775148051.0671167,
  "MD": 1775148050.9383225,
  "NC": 1775148051.2298412,
  "CT": 1775148050.9934034,
  "MO": 1775148051.050009,
  "TN": 1775148051.2548962,
  "KY": 1775148051.000861,
  "VA": 1775148051.4735699
}