{
  "NY": 1774722605.375986,
  "NJ": 1774722605.3769264,
  "OH": 1774722605.4243505,
  "PA": 1774722605.709463,
  "IL": 1774722605.9232857,
  "MI": 1774722606.0463238,
  "DC": 1774832466.995706,
  "DE": 1774832452.5568798,
  "ME": 1774832452.2649827,
  "MS": 1774832452.590134,
  "NH": 1774832453.246044,
  "AR": 1774832452.634255,
  "NE": 1774832453.0860684,
  "SD": 1774832453.3738391,
  "NV": 1774832452.7924824,
  "RI": 1774832453.4322588,
  "VT": 1774832453.1997766,
  "OR": 1774832452.950422,
  "MT": 1774832452.8819609,
  "WY": 1774832453.505715,
  "WV": 1774832455.1393797,
  "CO": 1774827136.2904937,
  "AZ": 1774827136.2810967,
  "KS": 1774827136.371735,
  "IN": 1774827136.3184116,
  "IA": 1774827136.4082854,
  "LA": 1774827136.7278657,
  "MA": 1774827136.6842024,
  "MD": 1774827136.6210358,
  "NC": 1774827137.9403298,
  "CT": 1774827136.538396,
  "MO": 1774827136.778724,
  "TN": 1774827136.883131,
  "KY": 1774827136.6768405,
  "VA": 1774827136.9152548
}