{
  "NY": 1774987265.1617026,
  "NJ": 1774987250.1532967,
  "OH": 1774987250.2821908,
  "PA": 1774987250.2746544,
  "IL": 1774987250.1680422,
  "MI": 1774987250.1827962,
  "DC": 1775238370.188682,
  "DE": 1775238370.4682693,
  "ME": 1775238370.7111607,
  "MS": 1775238370.6235652,
  "NH": 1775238371.2683563,
  "AR": 1775238370.727603,
  "NE": 1775238370.63468,
  "SD": 1775238371.1993468,
  "NV": 1775238370.814376,
  "RI": 1775238371.2889495,
  "VT": 1775238370.980768,
  "OR": 1775238370.8713899,
  "MT": 1775238371.0045393,
  "WY": 1775238371.2534552,
  "WV": 1775238372.3001032,
  "CO": 1775148050.4199283,
  "AZ": 1775238369.9654663,
  "KS": 1775148050.7508707,
  "IN": 1775148050.4618487,
  "IA": 1775148050.6915095,
  "LA": 1775148050.703272,
  "MA": 1775148051.0671167,
  "MD": 1775148050.9383225,
  "NC": 1775148051.2298412,
  "CT": 1775148050.9934034,
  "MO": 1775148051.050009,
  "TN": 1775148051.2548962,
  "KY": 1775148051.000861,
  "VA": 1775148051.4735699
}