{
  "NY": 1774722605.375986,
  "NJ": 1774722605.3769264,
  "OH": 1774722605.4243505,
  "PA": 1774722605.709463,
  "IL": 1774722605.9232857,
  "MI": 1774722606.0463238,
  "DC": 1774821692.7908037,
  "DE": 1774821692.834282,
  "ME": 1774821692.9303021,
  "MS": 1774821693.2005885,
  "NH": 1774821693.2800183,
  "AR": 1774821692.827147,
  "NE": 1774821693.0959961,
  "SD": 1774821693.4610977,
  "NV": 1774821693.3913827,
  "RI": 1774821693.5856445,
  "VT": 1774821693.6278822,
  "OR": 1774821693.8731146,
  "MT": 1774821693.3875725,
  "WY": 1774821693.6945832,
  "WV": 1774821695.3192525,
  "CO": 1774827136.2904937,
  "AZ": 1774827136.2810967,
  "KS": 1774827136.371735,
  "IN": 1774827136.3184116,
  "IA": 1774827136.4082854,
  "LA": 1774827136.7278657,
  "MA": 1774827136.6842024,
  "MD": 1774827136.6210358,
  "NC": 1774827137.9403298,
  "CT": 1774827136.538396,
  "MO": 1774827136.778724,
  "TN": 1774827136.883131,
  "KY": 1774827136.6768405,
  "VA": 1774827136.9152548
}