{
  "NY": 1774987265.1617026,
  "NJ": 1774987250.1532967,
  "OH": 1774987250.2821908,
  "PA": 1774987250.2746544,
  "IL": 1774987250.1680422,
  "MI": 1774987250.1827962,
  "DC": 1774986355.9588513,
  "DE": 1774986356.2088761,
  "ME": 1774986355.9901218,
  "MS": 1774986356.2971725,
  "NH": 1774986358.1039314,
  "AR": 1774986356.289042,
  "NE": 1774986356.4435394,
  "SD": 1774986356.9245682,
  "NV": 1774986357.1053185,
  "RI": 1774986357.191914,
  "VT": 1774986357.1037922,
  "OR": 1774986356.546774,
  "MT": 1774986356.8610005,
  "WY": 1774986357.1829226,
  "WV": 1774915259.6100612,
  "CO": 1774883449.9802744,
  "AZ": 1774883449.9996867,
  "KS": 1774883450.0744143,
  "IN": 1774883450.1836596,
  "IA": 1774883450.3008296,
  "LA": 1774883450.289032,
  "MA": 1774883450.4535637,
  "MD": 1774883450.5278327,
  "NC": 1774883451.9193716,
  "CT": 1774883450.5018036,
  "MO": 1774883450.6870296,
  "TN": 1774883450.9555495,
  "KY": 1774883450.6356702,
  "VA": 1774883451.11929
}