{
  "NY": 1774987265.1617026,
  "NJ": 1774987250.1532967,
  "OH": 1774987250.2821908,
  "PA": 1774987250.2746544,
  "IL": 1774987250.1680422,
  "MI": 1774987250.1827962,
  "DC": 1775181667.0425618,
  "DE": 1775181667.0781171,
  "ME": 1775181667.2645922,
  "MS": 1775181667.443785,
  "NH": 1775181667.32964,
  "AR": 1775181667.365037,
  "NE": 1775181667.6196868,
  "SD": 1775181682.529476,
  "NV": 1775181667.6986914,
  "RI": 1775181667.520725,
  "VT": 1775181667.6909742,
  "OR": 1775181667.776964,
  "MT": 1774986356.8610005,
  "WY": 1775181667.9019706,
  "WV": 1774915259.6100612,
  "CO": 1775148050.4199283,
  "AZ": 1775181667.0053918,
  "KS": 1775148050.7508707,
  "IN": 1775148050.4618487,
  "IA": 1775148050.6915095,
  "LA": 1775148050.703272,
  "MA": 1775148051.0671167,
  "MD": 1775148050.9383225,
  "NC": 1775148051.2298412,
  "CT": 1775148050.9934034,
  "MO": 1775148051.050009,
  "TN": 1775148051.2548962,
  "KY": 1775148051.000861,
  "VA": 1775148051.4735699
}