{
  "NY": 1774722605.375986,
  "NJ": 1774722605.3769264,
  "OH": 1774722605.4243505,
  "PA": 1774722605.709463,
  "IL": 1774722605.9232857,
  "MI": 1774722606.0463238,
  "DC": 1774778172.816396,
  "DE": 1774778172.7588894,
  "ME": 1774778172.9176297,
  "MS": 1774778172.9621518,
  "NH": 1774778173.196056,
  "AR": 1774778172.9850953,
  "NE": 1774778173.2212136,
  "SD": 1774778173.3073149,
  "NV": 1774778173.267552,
  "RI": 1774778173.3961127,
  "VT": 1774778173.351494,
  "OR": 1774778173.4088993,
  "MT": 1774778173.432331,
  "WY": 1774778173.5202143,
  "WV": 1774778176.2598157,
  "CO": 1774723462.2226152,
  "AZ": 1774723462.248635,
  "KS": 1774723462.3206308,
  "IN": 1774723462.4230187,
  "IA": 1774723462.499809,
  "LA": 1774723462.5411298,
  "MA": 1774723462.572928,
  "MD": 1774723462.68714,
  "NC": 1774723462.7905405,
  "CT": 1774723462.8998787,
  "MO": 1774723462.9047887,
  "TN": 1774723462.9998863,
  "KY": 1774723463.0654585,
  "VA": 1774723463.4081392
}