{
  "NY": 1774722605.375986,
  "NJ": 1774722605.3769264,
  "OH": 1774722605.4243505,
  "PA": 1774722605.709463,
  "IL": 1774722605.9232857,
  "MI": 1774722606.0463238,
  "DC": 1774882846.4392521,
  "DE": 1774882846.5254037,
  "ME": 1774882846.813487,
  "MS": 1774882846.6324177,
  "NH": 1774882846.91627,
  "AR": 1774882846.495975,
  "NE": 1774882846.6730938,
  "SD": 1774882847.075011,
  "NV": 1774882846.9364507,
  "RI": 1774882851.1414201,
  "VT": 1774882847.195154,
  "OR": 1774882847.6730335,
  "MT": 1774882847.1771348,
  "WY": 1774882847.3996503,
  "WV": 1774882848.3156986,
  "CO": 1774883449.9802744,
  "AZ": 1774883449.9996867,
  "KS": 1774883450.0744143,
  "IN": 1774883450.1836596,
  "IA": 1774883450.3008296,
  "LA": 1774883450.289032,
  "MA": 1774883450.4535637,
  "MD": 1774883450.5278327,
  "NC": 1774883451.9193716,
  "CT": 1774883450.5018036,
  "MO": 1774883450.6870296,
  "TN": 1774883450.9555495,
  "KY": 1774883450.6356702,
  "VA": 1774883451.11929
}