{
  "NY": 1774722605.375986,
  "NJ": 1774722605.3769264,
  "OH": 1774722605.4243505,
  "PA": 1774722605.709463,
  "IL": 1774722605.9232857,
  "MI": 1774722606.0463238,
  "DC": 1774854188.1211588,
  "DE": 1774854188.0240436,
  "ME": 1774854188.0802236,
  "MS": 1774854188.2461064,
  "NH": 1774854188.6687899,
  "AR": 1774854188.1260061,
  "NE": 1774854188.41731,
  "SD": 1774854188.595586,
  "NV": 1774854188.4235141,
  "RI": 1774854188.6950984,
  "VT": 1774854189.0711727,
  "OR": 1774854188.9731953,
  "MT": 1774854188.7930796,
  "WY": 1774854188.895547,
  "WV": 1774854189.1640847,
  "CO": 1774827136.2904937,
  "AZ": 1774827136.2810967,
  "KS": 1774827136.371735,
  "IN": 1774827136.3184116,
  "IA": 1774827136.4082854,
  "LA": 1774827136.7278657,
  "MA": 1774827136.6842024,
  "MD": 1774827136.6210358,
  "NC": 1774827137.9403298,
  "CT": 1774827136.538396,
  "MO": 1774827136.778724,
  "TN": 1774827136.883131,
  "KY": 1774827136.6768405,
  "VA": 1774827136.9152548
}