{
  "NY": 1774722605.375986,
  "NJ": 1774722605.3769264,
  "OH": 1774722605.4243505,
  "PA": 1774722605.709463,
  "IL": 1774722605.9232857,
  "MI": 1774722606.0463238,
  "DC": 1774875642.6350334,
  "DE": 1774875642.7934473,
  "ME": 1774875643.1923323,
  "MS": 1774875642.9823701,
  "NH": 1774875643.6783786,
  "AR": 1774875643.0146134,
  "NE": 1774875643.4730976,
  "SD": 1774875643.85193,
  "NV": 1774875643.813829,
  "RI": 1774875644.0286374,
  "VT": 1774875643.964509,
  "OR": 1774875643.8916502,
  "MT": 1774875643.4847908,
  "WY": 1774875644.1799762,
  "WV": 1774875645.789554,
  "CO": 1774827136.2904937,
  "AZ": 1774827136.2810967,
  "KS": 1774827136.371735,
  "IN": 1774827136.3184116,
  "IA": 1774827136.4082854,
  "LA": 1774827136.7278657,
  "MA": 1774827136.6842024,
  "MD": 1774827136.6210358,
  "NC": 1774827137.9403298,
  "CT": 1774827136.538396,
  "MO": 1774827136.778724,
  "TN": 1774827136.883131,
  "KY": 1774827136.6768405,
  "VA": 1774827136.9152548
}