{
  "NY": 1774722605.375986,
  "NJ": 1774722605.3769264,
  "OH": 1774722605.4243505,
  "PA": 1774722605.709463,
  "IL": 1774722605.9232857,
  "MI": 1774722606.0463238,
  "DC": 1774915257.1523678,
  "DE": 1774915257.4376094,
  "ME": 1774915257.2009115,
  "MS": 1774915257.5994372,
  "NH": 1774915257.909068,
  "AR": 1774915257.2698348,
  "NE": 1774915257.5253282,
  "SD": 1774915259.6027784,
  "NV": 1774915257.6026723,
  "RI": 1774915258.2151303,
  "VT": 1774915257.8675213,
  "OR": 1774915257.6533728,
  "MT": 1774915257.7768052,
  "WY": 1774915258.1015284,
  "WV": 1774915259.6100612,
  "CO": 1774883449.9802744,
  "AZ": 1774883449.9996867,
  "KS": 1774883450.0744143,
  "IN": 1774883450.1836596,
  "IA": 1774883450.3008296,
  "LA": 1774883450.289032,
  "MA": 1774883450.4535637,
  "MD": 1774883450.5278327,
  "NC": 1774883451.9193716,
  "CT": 1774883450.5018036,
  "MO": 1774883450.6870296,
  "TN": 1774883450.9555495,
  "KY": 1774883450.6356702,
  "VA": 1774883451.11929
}